No,Name,Min(micro sec),Average(micro sec),Max(micro sec),Call Count
0,roop100,23.100000,317.271694,31504.800000,10000,
1,root,2763.900000,31920.516327,72509.700000,100,
